English,Korean,Other,DL,ISSUE,CC SRC,Validate,Assign,Genres,List,Link,IMDb
#Alive,#살아있다,---,1,---,Netflix,1,-Done,"Gruesome, Horror, Zombies",netflix,https://www.imdb.com/title/tt10620868/?ref_=fn_al_tt_1,1
100 Days My Prince,백일의 낭군님,百日의 郎君님___Hundred-Day Husband___100 Days of Husband,1,resolved,Viki,1,-done,"heartfelt, romantic, drama, period pieces",netflix,https://www.imdb.com/title/tt8199972/?ref_=nv_sr_srsg_0,1
18 Again,에이틴 어게인,18 어게인,1,skvpn,Netflix,1,-done,"romantic, comedy, fantasy, drama",listed,https://www.imdb.com/title/tt12846096/?ref_=nv_sr_srsg_0,1
26 Years,26년,---,1,sk vpn,netflix,1,-done,"violent, suspenseful, thriller, drama",netflix,https://www.imdb.com/title/tt2551894/?ref_=nv_sr_srsg_0,1
A Korean Odyssey,화유기,Hwayugi,1,resolved,Viki,1,-done,"chilling, romantic, fantasy, drama",netflix,https://www.imdb.com/title/tt7099334/?ref_=nv_sr_srsg_0,1
A Love So Beautiful,아름다웠던 우리에게,To Us Who Were Beautiful,1,Note: Korean OA Version (Done),Netflix,1,-Done,"Swoonworthy, charming, teen, romantic, comedy, based on books",netflix,https://www.imdb.com/title/tt13642264/?ref_=fn_al_tt_1,1
A Nation of Broth,국물의 나라,Land of Soup,1,---,Netflix,1,-done,"food, wine, lifestyle, social, cultural, docuseries",netflix,https://mydramalist.com/730339-a-nation-of-broth,0
Absolute Boyfriend,절대 그이,Roco King___Romcom King,1,---,viki,1,-done,"drama, romantic, comedy, fantasy",listed,https://www.imdb.com/title/tt10183478/?ref_=nv_sr_srsg_0,1
Abyss,어비스,---,1,"resolved
sk vpn",netflix,1,-Done,"ominous, offbeat, fantasy, drama",netflix,https://www.imdb.com/title/tt10055734/?ref_=nv_sr_srsg_8,1
All About My Wife,내 아내의 모든 것,---,1,skvpn,Netflix,1,-done,"absurd, witty, comedy, quirky, romance",listed,https://www.imdb.com/title/tt2173264/?ref_=nv_sr_srsg_0,1
All of Us Are Dead,지금 우리 학교는,---,1,---,Netflix,1,-Done,"Gruesome, Gory, Horror, Based on Webtoon, Teen, Zombies, drama",netflix,https://www.imdb.com/title/tt14169960/?ref_=fn_tt_tt_1,1
Another Miss Oh,또! 오해영,또 오해영___또! 誤解영___Another Oh Hae-young___Oh Hae Young Again,1,---,Netflix,1,-Done,"swoonworthy, charming, comedy, feel-good, romantic",netflix,https://www.imdb.com/title/tt5679572/?ref_=nv_sr_srsg_0,1
Arahan,아라한 장풍 대작전,---,1,---,Netflix,1,-Done,"heartfelt, exciting, action, comedy, adventure, martial arts",netflix,https://www.imdb.com/title/tt0404777/?ref_=nv_sr_srsg_0,1
Architecture 101,건축학개론,Introduction to Architecture,1,skvpn,Netflix,1,-done,"romantic, youth, college, drama",listed,https://www.imdb.com/title/tt2337981/?ref_=nv_sr_srsg_0,1
Are You Human Too?,너도 인간이니?,Are You Human?,1,---,viki,1,-done,"romantic, comedy, fantasy, action",listed,https://www.imdb.com/title/tt7817966/?ref_=nv_sr_srsg_0,1
Argon,아르곤,---,1,sk vpn,Netflix,1,-Done,"inspiring, drama, ensemble, political",netflix,https://www.imdb.com/title/tt7094798/?ref_=nv_sr_srsg_4,1
Arthdal Chronicles,아스달 연대기,아스달 年代記,1,"Resolved
Sourced from SK VPN",OpenSubs,1,-Done,"Emotional, Exciting, fantasy, period pieces",netflix,https://www.imdb.com/title/tt8750956/?ref_=nv_sr_srsg_0,1
Bad Guys: Vile City,나쁜 녀석들: 악의 도시,Bad Guys: City of Evil,1,sk vpn,Netflix,1,-done,"rousing, violent, thriller, crime, gritty",netflix,https://www.imdb.com/title/tt12404980/?ref_=nv_sr_srsg_0,1
Be Melodramatic,멜로가 체질,Melo Suits Me___Melo Is My Nature,1,sk vpn,netflix,1,-done,"witty, romantic, comedy",listed,https://www.imdb.com/title/tt10559276/?ref_=nv_sr_srsg_0,1
Beauty Inside,뷰티 인사이드,---,1,"resolved
sourced from sk vpn",Netflix,1,-done,"quirky, romantic, comedy",netflix,https://www.imdb.com/title/tt8801708/?ref_=nv_sr_srsg_0,1
Because This Is My First Life,이번 생은 처음이라,This Life Is Our First,1,---,Netflix,1,-done,"swoonworthy, charming, comedy, romantic, heartfelt",netflix,https://www.imdb.com/title/tt7278588/?ref_=nv_sr_srsg_0,1
Beyond Evil,괴물,怪物___Monster,1,resolved,Viki,1,-done,"dark, suspenseful, thriller, crime",netflix,https://www.imdb.com/title/tt13634872/?ref_=nv_sr_srsg_0,1
Black,블랙,---,1,sk vpn,Netflix,1,-done,"chilling, fantasy, investigation, mystery, crime",netflix,https://www.imdb.com/title/tt7298976/?ref_=fn_al_tt_1,1
Black Dog: Being a Teacher,블랙독,Black Dog,1,---,Netflix,1,-done,"heartfelt, inspiring, drama, emotional",netflix,https://www.imdb.com/title/tt11377920/?ref_=nv_sr_srsg_1,1
Boys Over Flowers,꽃보다 남자,BBF___BOF___Boys Before Flowers,1,---,Netflix,1,-done,"swoonworthy, soapy, teen, drama, romantic, based on manga, quirky",netflix,https://www.imdb.com/title/tt1370334/?ref_=nv_sr_srsg_0,1
Bulgasal: Immortal Souls,불가살,不可殺___Immortal,1,---,Netflix,1,-done,"Dark, Emotional, Suspenseful, Fantasy, Thriller",netflix,https://www.imdb.com/title/tt14691616/?ref_=nv_sr_srsg_0,1
Business Proposal,사내 맞선,The Office Blind Date,1,---,Netflix,1,-done,"swoonworthy, charming, comedy, drama, based on webtoon, romantic",netflix,https://www.imdb.com/title/tt14819828/?ref_=nv_sr_srsg_0,1
Busted!,범인은 바로 너,Busted! I Know Who You Are!___The Culprit Is You,1,sk vpn,Netflix,1,-done,"suspenseful, exciting, variety, mystery, crime",netflix,https://www.imdb.com/title/tt8328460/?ref_=nv_sr_srsg_0,1
Carter,카터,---,1,---,Netflix,1,-done,"Explosive, violent, action, adventure, exciting",netflix,https://www.imdb.com/title/tt21237030/?ref_=nv_sr_srsg_0,1
Celeb Five: Behind the Curtain,셀럽은 회의 중,---,1,---,Netflix,1,-done,"raunchy, mockumentary, enemble, comedy, late night",netflix,https://www.imdb.com/title/tt18570468/?ref_=nv_sr_srsg_0,1
Chief of Staff,보좌관,Aide,1,sk vpn,Netflix,1,-done,"inspiring, drama, rivalry, political, social issue",netflix,https://www.imdb.com/title/tt10220476/?ref_=nv_sr_srsg_0,1
Chocolate,초콜릿,---,1,sk vpn,Netflix,1,-done,"heartfelt, romantic, drama, medical",netflix,https://www.imdb.com/title/tt11214028/?ref_=fn_tt_tt_7,1
Cinderella and the Four Knights,신데렐라와 네 명의 기사,Cinderella and Four Knights,1,resolved,Viki,1,-done,"swoonworthy, charming, dramedy, drama, comedy, goofy, romantic",netflix,https://www.imdb.com/title/tt5764414/?ref_=nv_sr_srsg_0,1
Clean With Passion For Now,일단 뜨겁게 청소하라,---,1,resolved,viki,1,-done,"charming, quirky, comedy, drama, based on webtoon, romantic",netflix,https://www.imdb.com/title/tt7981562/?ref_=nv_sr_srsg_0,1
Crash Landing on You,사랑의 불시착,---,1,---,Netflix,1,-done,"Swoonworthy, Charming, Dramedy, romantic, drama, comedy, heartfelt",netflix,https://www.imdb.com/title/tt10850932/?ref_=nv_sr_srsg_0,1
Crazy Romance,가장 보통의 연애,The Most Common Date,1,skvpn,Netflix,1,-done,"romance, heartfelt, comedy",listed,https://www.imdb.com/title/tt11041006/?ref_=nv_sr_srsg_0,1
Cyber Hell: Exposing an Internet Horror,---,---,1,---,netflix,1,-done,"riveting, investigative, true crime, documentaries",netflix,https://www.imdb.com/title/tt19768508/?ref_=nv_sr_srsg_0,1
D.P.,디피,Deserter Pursuit,1,---,Netflix,1,-done,"Gritty, Dark, Drama, Based on Webtoon, Social Issue",netflix,https://www.imdb.com/title/tt13024974/?ref_=nv_sr_srsg_0,1
Dear My Friends,디어 마이 프렌즈,---,1,sk vpn,netflix,1,-done,"sentimental, heartfelt, drama, inspiring",netflix,https://www.imdb.com/title/tt5689030/?ref_=nv_sr_srsg_0,1
Descendants of the Sun,태양의 후예,Descended From the Sun___The Sun’s Descendants___DOTS___DOS,1,---,viki,1,-done,"medical, drama, melodrama, romantic, comedy",listed,https://www.imdb.com/title/tt4925000/?ref_=nv_sr_srsg_0,1
Designated Survivor: 60 Days,지정생존자: 60일,指定生存者: 60日,1,---,netflix,1,-done,"exciting, drama, conspiracy, political",netflix,https://www.imdb.com/title/tt10405394/?ref_=nv_sr_srsg_3,1
Devilish Joy,마성의 기쁨,Diabolic Joy___Ma-seong's Happiness,1,---,viki,1,-done,"romantic, comedy",listed,https://www.imdb.com/title/tt8594250/?ref_=nv_sr_srsg_0,1
Do Do Sol Sol La La Sol,도도솔솔라라솔,---,1,---,netflix,1,-done,"charming, quirky, dramedy, drama, comedy, romantic",netflix,https://www.imdb.com/title/tt12850262/?ref_=nv_sr_srsg_0,1
Don't be the First One!,1호가 될 순 없어,---,1,sk vpn,netflix,1,-done,"reality, marriage",netflix,https://www.imdb.com/title/tt15128006/?ref_=nv_sr_srsg_0,1
Doom at Your Service,어느 날 우리집 현관으로 멸망이 들어왔다,One Day Destruction Entered the Front Door of My House,1,---,viki,1,-done,"romance, supernatural, fantasy",listed,https://www.imdb.com/title/tt13669128/?ref_=nv_sr_srsg_0,1
Extracurricular,인간수업,人間授業___Human Class,1,---,netflix,1,-done,"dark, teen, ensemble, crime",netflix,https://www.imdb.com/title/tt10262630/?ref_=nv_sr_srsg_0,1
Familiar Wife,아는 와이프,Knowing Wife___Wife That I Know,1,sk vpn,netflix,1,-done,"soapy, sentimental, drama, romantic, emotional",netflix,https://www.imdb.com/title/tt8487786/?ref_=nv_sr_srsg_0,1
Flower of Evil,악의 꽃,---,1,---,viki,1,-done,"melodrama, romance, thriller, suspense",listed,https://www.imdb.com/title/tt11691684/?ref_=nv_sr_srsg_0,1
Forecasting Love and Weather,기상청 사람들: 사내연애 잔혹사 편,Meteorological Administration People: Office Romance Cruelty,1,---,netflix,1,-done,"charming, romantic, comedy",netflix,https://www.imdb.com/title/tt15140592/?ref_=nv_sr_srsg_0,1
Forgotten,기억의 밤,---,1,sk vpn,netflix,1,-done,"psychological, suspenseful, mystery, drama",netflix,https://www.imdb.com/title/tt7057496/?ref_=nv_sr_srsg_0,1
Goedam,도시괴담,Ghost Story___The Possessed,1,---,netflix,1,-done,"chilling, scary, ensemble, horror, dark",netflix,https://www.imdb.com/title/tt12929796/?ref_=nv_sr_srsg_0,1
Graceful Friends,우아한 친구들,---,1,sk vpn,netflix,1,-done,"suspenseful, drama, ensemble",netflix,https://www.imdb.com/title/tt12531492/?ref_=nv_sr_srsg_4,1
Green Mother's Club,그린마더스클럽,---,1,---,netflix,1,-done,"drama, ensemble, keeping secrets",netflix,https://www.imdb.com/title/tt15060900/?ref_=nv_sr_srsg_0,1
Hanwoo Rhapsody,한우 랩소디,Korean Beef Rhapsody,1,---,netflix,1,-done,"relaxing, food, wine, social, cultural, docuseries",netflix,https://www.imdb.com/title/tt16977638/?ref_=nv_sr_srsg_0,1
Hellbound,지옥,地獄,1,---,Netflix,1,-done,"Violent, Dark, Horror, suspenseful, crime, mysteries",netflix,https://www.imdb.com/title/tt12235718/?ref_=nv_sr_srsg_0,1
"Hello, Me!",안녕? 나야!,安寧? 나야!___Hello? It's Me!,1,---,netflix,1,-done,"quirky, romantic, comedy, based on book",netflix,https://www.imdb.com/title/tt13670090/?ref_=nv_sr_srsg_0,1
"Hello, My Twenties!",청춘시대,青春時代___Age of Youth,1,sk vpn,netflix,1,-done,"irreverent, emotional, dramedy, drama, comedy, romantic",netflix,https://www.imdb.com/title/tt5858892/?ref_=nv_sr_srsg_0,1
Her Private Life,그녀의 사생활,그女의 私生活___Her Personal Life,1,---,viki,1,-done,"swoonworthy, charming, comedy, feel-good, based on books, romantic",netflix,https://www.imdb.com/title/tt9899340/?ref_=nv_sr_srsg_0,1
"Hi Bye, Mama!","하이바이, 마마!",---,1,---,Netflix,1,-done,"Heartfelt, Emotional, Dramedy, drama, comedy",netflix,https://www.imdb.com/title/tt11804034/?ref_=nv_sr_srsg_0,1
High Society,상류사회,A Chaebol’s Daughter___The Privileged___True Romance,1,---,Netflix,1,-done,"Steamy, drama, corruption",netflix,https://www.imdb.com/title/tt8865580/?ref_=nv_sr_srsg_0,1
Hometown Cha-Cha-Cha,갯마을 차차차,---,1,---,netflix,1,-done,"charming, intimate, comedy, feel-good, romantic",netflix,https://www.imdb.com/title/tt14518756/?ref_=nv_sr_srsg_0,1
Hospital Playlist,슬기로운 의사생활,슬기로운 醫師生活___Wise Doctor Life,1,---,Netflix,1,-done,"Nostalgic, Heartfelt, Dramedy, medical, drama, comedy",netflix,https://www.imdb.com/title/tt11769304/?ref_=nv_sr_srsg_0,1
Hotel Del Luna,호텔 델루나,---,1,---,viki,1,-done,"swoonworthy, quirky, fantasy, romantic, comedy, heartfelt ",netflix,https://www.imdb.com/title/tt10220588/?ref_=nv_sr_srsg_0,1
How to Use Guys with Secret Tips,남자사용설명서,A Manual on How to Use Men,1,skvpn,Netflix,1,-done,"quirky, romantic, satire, comedy",listed,https://www.imdb.com/title/tt2934568/?ref_=nv_sr_srsg_0,1
Hyena,하이에나,---,1,---,netflix,1,-done,"offbeat, drama, courtroom, social issue",netflix,https://www.imdb.com/title/tt11534164/?ref_=nv_sr_srsg_6,1
Hymn of Death,사의 찬미,Praise of Death,1,sk vpn,netflix,1,-done,"sentimental, romantic, drama",netflix,https://www.imdb.com/title/tt8160064/?ref_=nv_sr_srsg_0,1
I,아이,Child,1,skvpn,Netflix,1,-done,"emotional, drama, friendship",listed,https://www.imdb.com/title/tt14891034/?ref_=nm_flmg_act_4,1
I'll Go to You When the Weather is Nice,날씨가 좋으면 찾아가겠어요,When the Weather is Fine___I'll Find You on a Beautiful Day,1,---,viki,1,-done,romance,listed,https://www.imdb.com/title/tt11535086/?ref_=fn_al_tt_1,1
Illang: The Wolf Brigade,인랑,人狼___Human-Wolf,1,---,netflix,1,-done,"dystopian, violent, action, sci-fi, adventure, gritty",netflix,https://www.imdb.com/title/tt3967878/?ref_=nv_sr_srsg_0,1
Inheritors,"상속자들 - 왕관을 쓰려는 자, 그 무게를 견뎌라",Heirs___Heirs: He Who Wears the Crown Must Bear Its Weight___The Heirs,1,---,viki,1,-done,"swoonworthy, soupy, drama, romantic",netflix,https://www.imdb.com/title/tt3243098/?ref_=nv_sr_srsg_4,1
Inspector Koo,구경이,A Wonderful Sight___Sightseeing,1,---,netflix,1,-done,"psychological, suspenseful, thriller, crime",netflix,https://www.imdb.com/title/tt14731794/?ref_=nv_sr_srsg_0,1
Iris,아이리스,---,1,---,netflix,1,-done,"slick, suspenseful, thriller, political, based on books, exciting",netflix,https://www.imdb.com/title/tt1757202/?ref_=nv_sr_srsg_6,1
It's Okay to Not Be Okay,사이코지만 괜찮아,Psycho but It's Okay,1,---,netflix,1,-done,"swoonworthy, quirky, dramedy, drama, comedy, heartfelt, romantic",netflix,https://www.imdb.com/title/tt12451520/?ref_=nv_sr_srsg_0,1
Itaewon Class,이태원 클라쓰,梨泰院 클쓰,1,"resolved
sk vpn",netflix,1,-done,"swoonworthy, inspiring, drama, based on webtoons, social issue, emotional",netflix,https://www.imdb.com/title/tt11239552/?ref_=nv_sr_srsg_0,1
Jo Pil-ho: The Dawning Rage,악질경찰,Bad Police,1,---,netflix,1,-done,"gritty, thriller, rogue cop, drama",netflix,https://www.imdb.com/title/tt7738048/?ref_=nv_sr_srsg_0,1
Jump like a Witch,언니들이 뛴다-마녀체력 농구부,Witch's Basketball Club___Witches' Basketball Club___Sisters are running - Witch Fitness Basketball Club___Unnies Are Running: Witch Fitness Basketball Team,1,sk vpn,netflix,1,-done,"exciting, reality, basketball",netflix,https://mydramalist.com/721313-jump-like-a-witch,0
Juvenile Justice,소년 심판,Juvenile Judgement,1,---,netflix,1,-done,"drama, slow burn, courtroom, crime",netflix,https://www.imdb.com/title/tt15553922/?ref_=nv_sr_srsg_0,1
Kingdom,킹덤,---,1,---,netflix,1,-done,"gruesome, gory, horror, drama, based on webtoon, political, violent, zombie, period piece",netflix,https://www.imdb.com/title/tt6611916/?ref_=nv_sr_srsg_6,1
Kingdom: Ashin of the North,킹덤: 아신전,---,1,---,netflix,1,-done,"gruesome, gory, horror, drama, based on webtoon, period piece, violent",netflix,https://www.imdb.com/title/tt13412252/?ref_=fn_al_tt_1,1
Kiss Goblin,키스요괴,Kiss Ghost,1,---,viki,1,-done,"drama, romance, fantasy",listed,https://www.imdb.com/title/tt14212332/?ref_=nv_sr_srsg_0,1
Korean Cold Noodle Rhapsody,한국 냉면 랩소디,---,1,---,netflix,1,-done,"relaxing, food, wine, social, cultural, docuseries",netflix,https://www.imdb.com/title/tt15772846/?ref_=nv_sr_srsg_0,1
Korean Pork Belly Rhapsody,한국 삼겹살 랩소디,---,1,---,netflix,1,-done,"relaxing, food, wine, social, cultural, docuseries",netflix,https://www.imdb.com/title/tt14017966/?ref_=nv_sr_srsg_0,1
Larva Pendant,---,---,1,"No dialogue, but there is korean subs lol",Netflix,1,-done,"goofy, kids, family, comedy",netflix,https://www.imdb.com/title/tt19851736/,1
Law School,로스쿨,---,1,---,netflix,1,-done,"cerebral, mystery, ensemble, crime",netflix,https://www.imdb.com/title/tt13885336/?ref_=nv_sr_srsg_0,1
Lawless Lawyer,무법 변호사,Lawless Attorney,1,"resolved
sk vpn",netflix,1,-done,"emotional, suspenseful, thriller, crime, courtroom, exciting",netflix,https://www.imdb.com/title/tt8160178/?ref_=nv_sr_srsg_7,1
Lee Su-geun: The Sense Coach,이수근의 눈치코치,Lee Soo Geun's Notice Coach,1,---,netflix,1,-done,"clean-cut, showbiz, stand-up, comedy",netflix,https://www.imdb.com/title/tt14880280/?ref_=nv_sr_srsg_0,1
Life,라이프,---,1,sk vpn,netflix,1,-done,"cerebral, drama, medical, social issue",netflix,https://www.imdb.com/title/tt8243158/,1
Live,라이브,---,1,"resolved
sk vpn",netflix,1,-done,"inspiring, drama, ensemble, crime",netflix,https://www.imdb.com/title/tt7976532/?ref_=fn_al_tt_1,1
Live Up To Your Name,명불허전,Deserving of the Name,1,"resolved
sk vpn",netflix,1,-done,"inspiring, romantic, drama, medical ",netflix,https://www.imdb.com/title/tt7094874/?ref_=nv_sr_srsg_0,1
Love (ft. Marriage and Divorce),결혼작사 이혼작곡,結婚作詞 離婚作曲___Marriage Lyrics and Divorce Music,1,---,netflix,1,-done,"soapy, drama, ensemble",netflix,https://www.imdb.com/title/tt13814840/?ref_=nv_sr_srsg_0,1
Love Alarm,좋아하면 울리는,---,1,---,netflix,1,-done,"sentimental, emotional, teen, romantic, drama, based on webtoon",netflix,https://www.imdb.com/title/tt9145880/?ref_=nv_sr_srsg_0,1
Love and Leashes,모럴스,Moral Sense,1,---,netflix,1,-done,"witty, intimate, comedy, romantic",netflix,https://www.imdb.com/title/tt15553956/?ref_=nv_sr_srsg_0,1
Lovestruck in the City,도시남녀의 사랑법,都市男女의 사랑法___The Way of Love of City Men and Women,1,---,Netflix,1,-done,"Charming, Intimate, Mockumentary, romantic, drama, comedy",netflix,https://www.imdb.com/title/tt13394544/?ref_=nv_sr_srsg_0,1
Lucid Dream,루시드 드림,---,1,---,netflix,1,-done,"mind-bending, explosive, sci-fi, thriller, exciting",netflix,https://www.imdb.com/title/tt6830780/?ref_=nv_sr_srsg_0,1
Mad for Each Other,이 구역의 미친 X,The Crazy Guy in This District,1,---,netflix,1,-done,"quirky, romantic, comedy",netflix,https://www.imdb.com/title/tt14596414/?ref_=nv_sr_srsg_0,1
Memories of the Alhambra,알함브라 궁전의 추억,---,1,sk vpn,netflix,1,-done,"mind-bending, suspenseful, sci-fi, thriller, romantic",netflix,https://www.imdb.com/title/tt8236556/?ref_=nv_sr_srsg_0,1
Military Prosecutor Doberman,군검사 도베르만,Military Prosecutor Do Bae Man,1,---,viki,1,-done,"action, crime, mystery, drama",listed,https://www.imdb.com/title/tt17346230/?ref_=nv_sr_srsg_0,1
Mine,마인,---,1,---,netflix,1,-done,"soapy, drama, keeping secrets",netflix,https://www.imdb.com/title/tt14023192/?ref_=nv_sr_srsg_3,1
Miniforce: Super Dino Power,미니특공대:슈퍼공룡파워,---,1,---,netflix,1,-done,"exciting, kids, dinosaurs, cartoon",netflix,---,0
Miracle in Cell No. 7,7번방의 선물,A Gift from Room 7,1,skvpn,Netflix,1,-done,"comedy, drama, inspiring, heartfelt, tearjerker, emotional, social issue",listed,https://www.imdb.com/title/tt2659414/?ref_=nv_sr_srsg_2,1
Misaeng: Incomplete Life,미생 - 아직 살아 있지 못한 자,---,1,---,netflix,1,-done,"cerebral, understated, drama, based on webtoon, inspiring",netflix,https://www.imdb.com/title/tt4240730/?ref_=nv_sr_srsg_0,1
Miss & Mrs. Cops,걸캅스,Girl Cops,1,skvpn,Netflix,1,-done,"exciting, action, comedy, adventure",listed,https://www.imdb.com/title/tt10161238/?ref_=nv_sr_srsg_0,1
Miss Granny,수상한 그녀,"""Suspicious Girl""",1,---,netflix,1,-done,"quirky, heartfelt, dramedy, drama, comedy",netflix,https://www.imdb.com/title/tt3516378/?ref_=nv_sr_srsg_0,1
Misty,미스티,---,1,sk vpn,netflix,1,-done,"dark, suspenseful, mystery, romantic, crime",netflix,https://www.imdb.com/title/tt7890244/?ref_=nv_sr_srsg_4,1
Moment of Eighteen,열여덟의 순간,Moment at Eighteen___18 Moments___At Eighteen,1,---,viki,1,-done,"drama, romance, comedy",listed,https://www.imdb.com/title/tt10474124/?ref_=nv_sr_srsg_0,1
Money Heist: Korea Joint Economic Area,종이의 집: 공동경제구역,---,1,---,netflix,1,-done,"suspenseful, exciting, thriller, crime",netflix,https://www.imdb.com/title/tt13696452/?ref_=nv_sr_srsg_3,1
MONKART,---,---,1,---,netflix,1,-done,"exciting, kids, cartoon",netflix,---,0
Monthly Magazine Home,월간 집,Monthly House,1,skvpn,Netflix,1,-done,"drama, romantic, comedy, healing, inspiring, heartfelt",listed,https://www.imdb.com/title/tt13885272/?ref_=nv_sr_srsg_0,1
More than Friends,친구에서 연인이 되는 경우의 수,境遇의 數___Number of Cases___Number of Cases to Go From Friends to Lovers,1,---,viki,1,-done,"romance, comedy",listed,https://www.imdb.com/title/tt12879170/?ref_=nv_sr_srsg_0,1
Move to Heaven,무브 투 헤븐: 나는 유품정리사입니다,---,1,---,Netflix,1,-done,"Heartfelt, Emotional, Drama",netflix,https://www.imdb.com/title/tt11052470/?ref_=nv_sr_srsg_0,1
Mr. Boss,미스터 보스,Mister Boss,1,skvpn,Netflix,1,-done,"heartfelt, goofy, action, comedy, exciting, adventure",listed,https://mydramalist.com/48941-youngsoo,0
Mr. Queen,철인왕후,Queen Cheorin___No Touch Princess,1,---,viki,1,-done,"romance, comedy, fantasy, period piece",listed,https://www.imdb.com/title/tt13400006/?ref_=nv_sr_srsg_0,1
Mr. Sunshine,미스터 션샤인,---,1,sk vpn,netflix,1,-done,"emotional, exciting, period pieace, romantic, drama, political",netflix,https://www.imdb.com/title/tt7094780/?ref_=nv_sr_srsg_0,1
My Country: The New Age,나의 나라,My Country,1,sk vpn,netflix,1,-done,"heartfelt, inspiring, action, exciting, political, period pieces",netflix,https://www.imdb.com/title/tt10850888/?ref_=nv_sr_srsg_0,1
My First First Love,첫사랑은 처음이라서,Because It's My First Love,1,---,netflix,1,-done,"charming, sentimental, drama, romantic",netflix,https://www.imdb.com/title/tt8995604/?ref_=nv_sr_srsg_0,1
My Girlfriend is an Agent,7급 공무원,7th Grade Civil Servant,1,skvpn,Netflix,1,-done,"romantic, comedy, action, quirky, goofy, exciting, adventure",listed,https://www.imdb.com/title/tt1432078/?ref_=nv_sr_srsg_0,1
My Holo Love,나 홀로 그대,I Holo You,1,---,netflix,1,-done,"heartfelt, romantic, scifi, drama",netflix,https://www.imdb.com/title/tt11058644/?ref_=nv_sr_srsg_0,1
My ID is Gangnam Beauty,내 아이디는 강남미인,내 아이디는 江南美人___Gangnam Beauty,1,resolved,viki,1,-done,"swoonworthy, charming, drama, based on webtoon, romantic, sentimental",netflix,https://www.imdb.com/title/tt8585954/?ref_=nv_sr_srsg_0,1
My Liberation Notes,나의 해방일지,My Liberation Diary,1,---,netflix,1,-done,"understated, drama, ensemble",netflix,https://www.imdb.com/title/tt15146130/?ref_=nv_sr_srsg_0,1
My Mister,나의 아저씨,Mr. Lonely___My Ahjussi,1,resolved,viki,1,-done,"sentimental, understated, drama, inspiring",netflix,https://www.imdb.com/title/tt7923710/?ref_=nv_sr_srsg_0,1
My Name,마이 네임,---,1,---,Netflix,1,-done,"Dark, Suspenseful, Thriller, Crime",netflix,https://www.imdb.com/title/tt12940504/?ref_=nv_sr_srsg_3,1
My Only Love Song,마이 온리 러브송,---,1,---,netflix,1,-done,"quirky, romantic, comedy",netflix,https://www.imdb.com/title/tt6125832/?ref_=nv_sr_srsg_0,1
My Roommate is a Gumiho,간 떨어지는 동거,肝 떨어지는 同居___Frightening Cohabitation,1,---,viki,1,-done,"romantic, comedy, fantasy",listed,https://www.imdb.com/title/tt13777028/?ref_=nv_sr_srsg_0,1
My Runway,마이 런웨이,---,1,---,netflix,1,-done,"quirky, romantic, dramedy, drama, comedy",netflix,https://www.imdb.com/title/tt6968336/?ref_=nv_sr_srsg_0,1
My Sassy Girl,엽기적인 그녀,---,1,resolved,Viki,1,-done,"charming, heartfelt, period piece, romantic, drama, based on books",netflix,https://www.imdb.com/title/tt6175760/?ref_=nv_sr_srsg_4,1
My Sassy Girl (2001),엽기적인 그녀,That Bizarre Girl,1,skvpn,Netflix,1,-done,"heartfelt, romantic, comedy, based on book",listed,https://www.imdb.com/title/tt0293715/?ref_=nv_sr_srsg_0,1
My Secret Romance,애타는 로맨스,---,1,---,netflix,1,-done,"charming, heartfelt, comedy, romantic",netflix,https://www.imdb.com/title/tt6300100/?ref_=nv_sr_srsg_0,1
My Shy Boss,내성적인 보스,Introvert Boss___Sensitive Boss,1,sk vpn,netflix,1,-done,"campy, heartfelt, comedy, romantic, goofy",netflix,https://www.imdb.com/title/tt6257622/?ref_=nv_sr_srsg_0,1
My Unfamiliar Family,(아는 건 별로 없지만) 가족입니다,(I Don't Know Much But) We Are Family,1,---,netflix,1,-done,"sentimental, emotional, drama",netflix,https://www.imdb.com/title/tt12458252/?ref_=nv_sr_srsg_0,1
Mystic Pop-up Bar,쌍갑포차,雙甲布車___Twin Tops Bar,1,sk vpn,netflix,1,-done,"quirky, heartfelt, fantasy, drama, based on webtoon",netflix,https://www.imdb.com/title/tt12246190/?ref_=nv_sr_srsg_0,1
Navillera,나빌레라,---,1,---,Netflix,1,-done,"Heartfelt, Inspiring, Drama, Based on Webtoon",netflix,https://www.imdb.com/title/tt13885302/?ref_=nv_sr_srsg_0,1
Never Give Up,구필수는 없다,Goo Pil Soo Is Not There___There’s No Goo Pil Soo___You Can't Go Back___You Don't Have to Go Back,1,---,Netflix,1,-done,"quirky, drama, comedy",sk netflix,https://www.imdb.com/title/tt21431154/?ref_=nv_sr_srsg_4,1
"Nevertheless,","알고있지만,","I Know But,",1,---,netflix,1,-done,"intimate, romantic, drama, based on webtoon",netflix,https://www.imdb.com/title/tt14518284/?ref_=nv_sr_srsg_0,1
New World,신세계로부터,Go to New World First___From the New World,1,---,netflix,1,-done,"exciting, reality, competition",netflix,https://www.imdb.com/title/tt2625030/?ref_=nv_sr_srsg_6,1
Night in Paradise,낙원의 밤,---,1,---,Netflix,1,-done,"Violent, Dark, Film Noir, Drama",netflix,https://www.imdb.com/title/tt12792418/?ref_=nv_sr_srsg_0,1
Nightmare High,악몽선생,Nightmare Teacher,1,---,netflix,1,-done,"psychological, teen, ensemble, mystery",netflix,https://www.imdb.com/title/tt6209442/?ref_=fn_al_tt_1,1
"Now, We Are Breaking Up","지금, 헤어지는 중입니다",---,1,---,viki,1,-done,"romance, drama",viki,https://www.imdb.com/title/tt14408016/?ref_=nv_sr_srsg_0,1
Oh My Baby,오 마이 베이비,---,1,resolved,viki,1,-done,"romantic, comedy, ensemble",netflix,https://www.imdb.com/title/tt12324660/?ref_=nv_sr_srsg_0,1
One More Time,헤어진 다음날,The Day After We Broke Up,1,---,netflix,1,-done,"emotional, romantic, drama",netflix,https://www.imdb.com/title/tt6212990/?ref_=nv_sr_srsg_6,1
One Spring Night,봄밤,Spring Night,1,---,netflix,1,-done,"heartfelt, emotional, drama",netflix,https://www.imdb.com/title/tt10192576/?ref_=nv_sr_srsg_0,1
Our Beloved Summer,그 해 우리는,That Year We,1,sk vpn,netflix,1,-done,"intimate, romantic, comedy",netflix,https://www.imdb.com/title/tt15026724/?ref_=nv_sr_srsg_0,1
Our Blues,우리들의 블루스,---,1,---,netflix,1,-done,"heartfelt, emotional, drama",netflix,https://www.imdb.com/title/tt19115260/?ref_=nv_sr_srsg_0,1
Paik's Spirit,백스피릿,Baek's Spirit,1,---,netflix,1,-done,"talk show, social, cultural, docuseries",netflix,https://www.imdb.com/title/tt15381696/?ref_=nv_sr_srsg_0,1
Pandora,판도라,---,1,---,Netflix,1,-done,"Dark, Emotional, Suspenseful, Thriller, Drama, Social Issue",netflix,https://www.imdb.com/title/tt6302160/?ref_=nv_sr_srsg_4,1
Parasite,기생충,寄生蟲,1,sk vpn,netflix,1,-done,"comedy, drama, thriller",listed,https://www.imdb.com/title/tt6751668/?ref_=nv_sr_srsg_0,1
Park Na-rae: Glamour Warning,박나래의 농염주의보,---,1,---,Netflix,1,-done,"Raunchy, Irreverent, Stand-Up, Comedy",netflix,https://www.imdb.com/title/tt10927068/?ref_=nv_sr_srsg_0,1
Part-Time Idol,비정규직 아이돌,Temporary Idols,1,---,netflix,1,-done,"dramedy, drama, comedy, ensemble, loveable loser, music, musicals",netflix,https://www.imdb.com/title/tt8835780/?ref_=nv_sr_srsg_0,1
Persona,페르소나,---,1,---,netflix,1,-done,"cerebral, drama, anthology",netflix,https://www.imdb.com/title/tt10027990/?ref_=nv_sr_srsg_6,1
Pinkfong & Baby Shark's Space Adventure,---,---,1,---,Netflix,1,-done,"Feel-Good, Kids Music, Dinosaurs, Kids & Family",netflix,https://www.imdb.com/title/tt11727004/?ref_=nv_sr_srsg_0,1
Pororo & Fairy Tales,---,---,1,---,netflix,1,-done,"magical, feel-good, kids, cartoon",netflix,---,0
Pororo The Little Penguin,뽀롱뽀롱 뽀로로,---,1,Korean OA for season 7 only,netflix,1,-done,"kids, animals, cartoons",netflix,https://www.imdb.com/title/tt3968668/,1
Possessed,빙의,Possession,1,sk vpn,netflix,1,-done,"chilling, scary, fantasy, crime, dark",netflix,https://www.imdb.com/title/tt9537306/?ref_=nv_sr_srsg_6,1
Prison Playbook,슬기로운 감빵생활,---,1,sk vpn,netflix,1,-done,"witty, gritty, drama, emotional",netflix,https://www.imdb.com/title/tt7622902/?ref_=nv_sr_srsg_7,1
Private Lives,사생활,私生活,1,---,Netflix,1,-done,"Slick, Suspenseful, Thriller, Exciting, Drama",netflix,https://www.imdb.com/title/tt12560270/?ref_=nv_sr_srsg_3,1
Psychokinesis,염력,念力,1,"sk vpn
(2018 movie)",netflix,1,-done,"mind-bending, explosive, action, comedy, sci-fi, adventure",netflix,https://www.imdb.com/title/tt6890582/?ref_=nv_sr_srsg_0,1
Pucca,뿌까,Pucca: Love Recipe,1,---,netflix,1,-done,"quirky, goofy, kids, cartoon",netflix,https://www.themoviedb.org/tv/111358-pucca-love-recipe?language=en-US,0
Racket Boys,라켓소년단,라켓少年團,1,---,Netflix,1,-done,"Inspiring, Feel-Good, Teen, Drama",netflix,https://www.imdb.com/title/tt14482414/?ref_=nv_sr_srsg_0,1
Rain or Shine,그냥 사랑하는 사이,Just Between Lovers___Just in Love,1,---,netflix,1,-done,"emotional, romantic, drama",netflix,https://www.imdb.com/title/tt7521898/?ref_=nv_sr_srsg_3,1
Rainbow Ruby,레인보우 루비,彩虹宝宝,1,---,netflix,1,-done,"educational, girl power, animals, kids",netflix,https://www.imdb.com/title/tt5828144/,1
Record of Youth,청춘기록,青春紀錄,1,---,Netflix,1,-done,"Swoonworthy, Charming, Drama, Romantic, Understated",netflix,https://www.imdb.com/title/tt12850322/?ref_=nv_sr_srsg_0,1
Reflection of You,너를 닮은 사람,Someone Who Looks Like You,1,---,Netflix,1,-done,"Drama, Love & Obsession, Based on Books",netflix,https://www.imdb.com/title/tt14684086/?ref_=nv_sr_srsg_0,1
Remarriage and Desires,블랙의 신부,Black Bride,1,---,netflix,1,-done,"soapy, drama, ensemble",netflix,https://www.imdb.com/title/tt15268768/?ref_=nv_sr_srsg_0,1
Reply 1988,응답하라 1988,應答하라 1988___Answer Me 1988___Respond 1988,1,---,viki,1,-done,"charming, nostalgic, dramedy, drama, comedy, heartfelt, romantic",netflix,https://www.imdb.com/title/tt5182866/?ref_=nv_sr_srsg_0,1
Reply 1997,응답하라 1997,Answer Me 1997___Reply to 1997___Respond 1997,1,---,viki,1,-done,"charming, nostalgic, dramedy, drama, comedy, heartfelt, romantic",viki,https://www.imdb.com/title/tt2782216/?ref_=nv_sr_srsg_4,1
Revenger,리벤져,---,1,---,Netflix,1,-done,"Violent, Action, Survival, Adventure, Martial Arts",netflix,https://www.imdb.com/title/tt9426186/?ref_=nv_sr_srsg_5,1
Revolutionary Love,변혁의 사랑,Byun Hyuk's Love,1,---,viki,1,-done,"charming, quirky, comedy, romantic",netflix,https://www.imdb.com/title/tt7340800/?ref_=nv_sr_srsg_0,1
Romance is a Bonus Book,로맨스는 별책부록,---,1,---,Netflix,1,-done,"Swoonworthy, Charming, Sentimental, Dramedy, Romantic, Drama, Comedy",netflix,https://www.imdb.com/title/tt9130542/?ref_=nv_sr_srsg_0,1
Rookie Historian Goo Hae-Ryung,신입사관 구해령,---,1,---,Netflix,1,-done,"Swoonworthy, Heartfelt, Period Piece, Inspiring, Romantic, Drama",netflix,https://www.imdb.com/title/tt10406128/?ref_=nv_sr_srsg_0,1
Rugal,루갈,Dry Tears,1,---,netflix,1,-done,"gritty, scifi, ensemble, drama, based on webtoon, crime",netflix,https://www.imdb.com/title/tt11769798/?ref_=nv_sr_srsg_0,1
Run On,런 온,---,1,---,netflix,1,-done,"romantic, dramedy, drama, comedy, opposites-attract",netflix,https://www.imdb.com/title/tt13271834/?ref_=nv_sr_srsg_0,1
Running Man,---,---,1,---,netflix,1,-done,"exciting, kids, animals, cartoons",netflix,https://www.imdb.com/title/tt11256118/?ref_=fn_tt_tt_4,1
Search: WWW,검색어를 입력하세요 WWW,Type in Search Word: WWW,1,---,viki,1,-done,"swoonworthy, heartfelt, drama, romantic, inspiring",netflix,https://www.imdb.com/title/tt10253244/?ref_=nv_sr_srsg_0,1
Seoul Station,서울역,---,1,skvpn,Netflix,1,-done,"dark, suspenseful, animation, horror",listed,https://www.imdb.com/title/tt3845670/?ref_=nv_sr_srsg_0,1
She Would Never Know,"선배, 그 립스틱 바르지 마요","Senior, Don't Put on That Lipstick",1,sk vpn,netflix,1,-done,"swoonworthy, heartfelt, drama, romantic",netflix,https://www.imdb.com/title/tt13446244/?ref_=nv_sr_srsg_0,1
Signal,시그널,---,1,resolved,Viki,1,-done,"dark, suspenseful, thriller, crime",netflix,https://www.imdb.com/title/tt5332206/?ref_=nv_sr_srsg_3,1
Silenced,도가니,The Crucible,1,---,netflix,1,-done,"dark, emotional, tearjerker, suspenseful, based on real life, social issue",netflix,https://www.imdb.com/title/tt2070649/?ref_=nv_sr_srsg_0,1
Single's Inferno,솔로지옥,Solo Hell,1,---,netflix,1,-done,"intimate, romantic, reality, competition",netflix,https://www.imdb.com/title/tt16283666/?ref_=nv_sr_srsg_0,1
Sisyphus: The Myth,시지프스: the myth,---,1,---,Netflix,1,-done,"Sci-Fi, Time Travel, Thriller, Suspenseful",netflix,https://www.imdb.com/title/tt13715448/?ref_=nv_sr_srsg_0,1
SKY Castle,SKY 캐슬,---,1,---,viki,1,-done,"emotional, drama, ensemble",netflix,https://www.imdb.com/title/tt9151274/?ref_=nv_sr_srsg_0,1
So Not Worth It,내일 지구가 망해버렸으면 좋겠어,I Hope the Earth Collapses Tomorrow,1,---,netflix,1,-done,"quirky, sitcom, ensemble, comedy",netflix,https://www.imdb.com/title/tt13186480/?ref_=nv_sr_srsg_0,1
Something in the Rain,밥 잘 사주는 예쁜 누나,---,1,sk vpn,netflix,1,-done,"understated, intimate, drama, romantic",netflix,https://www.imdb.com/title/tt8078816/?ref_=nv_sr_srsg_0,1
Space Sweepers,승리호,勝利號___Spaceship Victory,1,---,netflix,1,-done,"exciting, scifi, ensemble, action, adventure",netflix,https://www.imdb.com/title/tt12838766/?ref_=nv_sr_srsg_0,1
Spark,스파크,---,1,---,Netflix,1,-done,"Charming, Goofy, Drama, Romantic",netflix,https://www.imdb.com/title/tt6409112/?ref_=fn_tt_tt_4,1
Squid Game,오징어 게임,---,1,---,Netflix,1,-done,"Suspenseful, Thriller, Ensemble, Drama",netflix,https://www.imdb.com/title/tt10919420/?ref_=nv_sr_srsg_0,1
Start-Up,스타트업,---,1,---,netflix,1,-done,"charming, inspiring, dramedy, drama, comedy, romantic",netflix,https://www.imdb.com/title/tt12867810/?ref_=nv_sr_srsg_0,1
Steel Rain,강철비,鋼鐵비,1,sk vpn,netflix,1,-done,"explosive, exciting, action, military, adventure",netflix,https://www.imdb.com/title/tt6769508/?ref_=nv_sr_srsg_0,1
Steel Rain 2,강철비 2: 정상회담,Steel Rain 2: Summit,1,resolved,opensubs,1,-done,"action, drama",viki,https://www.imdb.com/title/tt10516176/?ref_=nv_sr_srsg_0,1
Stranger,비밀의 숲,Secret Forest,1,---,netflix,1,-done,"cerebral, suspenseful, thriller, crime",netflix,https://www.imdb.com/title/tt6461346/?ref_=nv_sr_srsg_5,1
Strongest Deliveryman,최강 배달꾼,最強 配達꾼,1,---,Netflix,1,-done,"Sentimental, Inspiring, Drama, Romantic",netflix,https://www.imdb.com/title/tt7022748/?ref_=nv_sr_srsg_0,1
Svaha: The Sixth Finger,사바하,娑婆訶,1,---,netflix,1,-done,"chilling, scary, mystery, suspenseful, thriller",netflix,https://www.imdb.com/title/tt7299298/?ref_=nv_sr_srsg_0,1
Sweet & Sour,새콤달콤,---,1,---,netflix,1,-done,"romantic, comedy, based on books",netflix,https://www.imdb.com/title/tt14599938/?ref_=nv_sr_srsg_0,1
Sweet Home,스위트홈,---,1,---,netflix,1,-done,"scary, suspenseful, horror, drama, based on webtoon",netflix,https://www.imdb.com/title/tt11612120/?ref_=nv_sr_srsg_0,1
Tale of the Nine-Tailed,구미호뎐,九尾狐傳___Tale of The Nine-Tailed Fox,1,---,viki,1,-done,"romance, fantasy",listed,https://www.imdb.com/title/tt12879418/?ref_=nv_sr_srsg_0,1
Tasty Ending,맛있는 엔딩,---,1,skvpn,Netflix,1,-done,"sentimental, heartfelt, drama",listed,https://mydramalist.com/700623-tasty-ending,0
Tayo and Little Wizards,---,---,1,---,netflix,1,-done,"magical, exciting, kids, cartoons",netflix,https://en.wikipedia.org/wiki/Tayo_the_Little_Bus,0
Tayo the Little Bus,꼬마버스 타요,---,1,only season 4 is Korean OA,netflix,1,-done,"feel-good, goofy, educational, kids, cartoon",netflix,https://www.imdb.com/title/tt3270208/,1
"That Winter, the Wind Blows","그 겨울, 바람이 분다",---,1,---,Netflix,1,-done,"Emotional, Romantic, Drama",netflix,https://www.imdb.com/title/tt2806646/?ref_=nv_sr_srsg_0,1
The 8th Night,제8일의 밤,---,1,---,netflix,1,-done,"chilling, scary, supernatural, horror, dark",netflix,https://www.imdb.com/title/tt14781176/?ref_=nv_sr_srsg_0,1
The Battleship Island,군함도,軍艦島,1,---,netflix,1,-done,"actiona, ensemble, social issues, adventure, drama",netflix,https://www.imdb.com/title/tt5969696/?ref_=nv_sr_srsg_0,1
The Beast and the Beauty,뷰티 앤 더 비스트,---,1,skvpn,Netflix,1,-done,"feel-good, romantic, comedy",listed,https://www.imdb.com/title/tt0485553/,1
The Berlin File,베를린,"""Berlin""",1,---,Netflix,1,-done,"Suspenseful, Exciting, Action, Adventure, Spy",netflix,https://www.imdb.com/title/tt2357377/?ref_=nv_sr_srsg_0,1
The Bride of Habaek,하백의 신부 2017,The Bride of Habaek 2017___Bride of the Water God 2017,1,resolved,Viki,1,-done,"swoonworthy, charming, fantasy, drama, based on web-toon, romantic",netflix,https://www.imdb.com/title/tt6385752/?ref_=nv_sr_srsg_0,1
The Call,콜,---,1,---,Netflix,1,-done,"Chilling, Psychological, Thriller, Scary",netflix,https://www.imdb.com/title/tt10530176/?ref_=nv_sr_srsg_0,1
The Chase,반드시 잡는다,---,1,sk vpn,netflix,1,-done,"suspenseful, thriller, slow burn, drama",netflix,https://www.imdb.com/title/tt8088944/?ref_=nv_sr_srsg_6,1
The Chaser,추격자,---,1,sk vpn,netflix,1,-done,"violent, suspenseful, thriller",listed,https://www.imdb.com/title/tt1190539/?ref_=nv_sr_srsg_0,1
The Crowned Clown,왕이 된 남자,王이 된 男子___The Man who Became King,1,resolved,Viki,1,-done,"emotional, exciting, period piece, romantic, drama",netflix,https://www.imdb.com/title/tt9266592/?ref_=nv_sr_srsg_0,1
The Cursed Lesson,요가학원: 죽음의 쿤달리니,요가학원: 죽음의 쿤달리니,1,sk vpn,netflix,1,-done,"scary, dark, supernatural, horror",listed,https://www.imdb.com/title/tt13478812/?ref_=nv_sr_srsg_0,1
The Drug King,마약왕,麻藥王,1,---,netflix,1,-done,"violent, true crime, drug lord, based on real life, drama",netflix,https://www.imdb.com/title/tt6914542/?ref_=nv_sr_srsg_0,1
The Fortress,남한산성,南漢山城,1,---,netflix,1,-done,"period piece, ensemble, military",netflix,https://www.imdb.com/title/tt7160176/?ref_=nv_sr_srsg_0,1
The Girl on a Bulldozer,불도저에 탄 소녀,---,1,skvpn,Netflix,1,-done,"crime, mystery, drama, emotional, corruption",listed,https://www.imdb.com/title/tt19632924/?ref_=nv_sr_srsg_0,1
The Good Detective,모범형사,模範刑事___A Model Detective,1,sk vpn,netflix,1,-done,"cerebral, suspenseful, thriller, crime",netflix,https://www.imdb.com/title/tt12504214/?ref_=nv_sr_srsg_0,1
The Guest,손 the guest,---,1,sk vpn,netflix,1,-done,"ominous, chilling, horror, mysteries, based on books, scary",netflix,https://www.imdb.com/title/tt8801670/?ref_=fn_tt_tt_3,1
The Haunted House,신비아파트,---,1,---,netflix,1,-done,"magical, ominous, kids, heartfelt, cartoons",netflix,https://www.imdb.com/title/tt9518312/?ref_=nv_sr_srsg_0,1
The Hungry and the Hairy,먹보와 털보,Glutton & Furry,1,---,netflix,1,-done,"relaxing, fell-good, lifestyle, food, travel",netflix,https://www.imdb.com/title/tt16088530/?ref_=nv_sr_srsg_0,1
The K2,더 케이투,K2,1,resolved,viki,1,-done,"explosive, exciting, action, romantic, drama, political",netflix,https://www.imdb.com/title/tt5966882/?ref_=nv_sr_srsg_0,1
The King: Eternal Monarch,더 킹: 영원의 군주,더 킹: 永遠의 君主,1,---,netflix,1,-done,"swoonworthy, emotional, fantasy, romantic, drama",netflix,https://www.imdb.com/title/tt11228748/?ref_=nv_sr_srsg_0,1
The King's Affection,연모,Affection,1,---,netflix,1,-done,"emotional, romantic, period piece, drama, based on comics",netflix,https://www.imdb.com/title/tt14609428/?ref_=nv_sr_srsg_0,1
The Lies Within,모두의 거짓말,Everyone's Lies,1,---,netflix,1,-done,"suspenseful, thriller, slowburn, crime, political",netflix,https://www.imdb.com/title/tt10919902/?ref_=nv_sr_srsg_3,1
The Miracle,더 미라클,My Secret Diary,1,---,netflix,1,-done,"quirky, romantic, dramedy, drama, comedy",netflix,https://www.imdb.com/title/tt6703344/?ref_=fn_tt_tt_10,1
The Pirates: The Last Royal Treasure,해적: 도깨비 깃발,海賊: 도깨비 旗발___The Pirates: Goblin Flag,1,---,Netflix,1,-done,"Explosive, Exciting, Action, Adventure, Comedy",netflix,https://www.imdb.com/title/tt17491040/?ref_=nv_sr_srsg_0,1
The Raincoat Killer: Chasing a Predator in Korea,레인코트 킬러: 유영철을 추격하다,Raincoat Killer: Chase Yu Young Chul,1,---,Netflix,1,-done,"Dark, True Crime, Serial Killer, Docuseries, Crime",netflix,https://www.imdb.com/title/tt15484900/?ref_=nv_sr_srsg_0,1
The Red Sleeve,옷소매 붉은 끝동,The Red Sleeve Cuff,1,---,viki,1,-done,"drama, romance, period piece",viki,https://www.imdb.com/title/tt14687200/?ref_=nv_sr_srsg_0,1
The Reservoir Game,저수지 게임,---,1,sk vpn,netflix,1,-done,"investigative, documentary, fraud",netflix,https://www.imdb.com/title/tt7867724/?ref_=nv_sr_srsg_8,1
The School Nurse Files,보건교사 안은영,保健教師 안은영___School Nurse Ahn Eun-young,1,---,Netflix,1,-done,"Fantasy, Based on Books, Quirky, High School",netflix,https://www.imdb.com/title/tt12879522/?ref_=nv_sr_srsg_0,1
The Silent Sea,고요의 바다,---,1,---,Netflix,1,-done,"Mysteries, Sci-Fi, Suspenseful, Dystopian",netflix,https://www.imdb.com/title/tt11570202/?ref_=nv_sr_srsg_0,1
The Sound of Magic,안나라수마나라,---,1,---,netflix,1,-done,"heartfelt, emotional, musical, music, drama, based on webtoon",netflix,https://www.imdb.com/title/tt14460684/?ref_=nv_sr_srsg_0,1
The Sound of Your Heart,마음의 소리,---,1,live action,Netflix,1,-done,"Absurd, Goofy, Sitcom, Based on Webtoon, comedy, drama",netflix,https://www.imdb.com/title/tt4613520/?ref_=nv_sr_srsg_0,1
The Sound of Your Heart (Animation),마음의 소리,---,1,animation,Netflix,1,-done,"Absurd, Goofy, Sitcom, Based on Webtoon, comedy, animation",netflix,https://en.wikipedia.org/wiki/The_Sound_of_Heart,0
The Sound of Your Heart Special 1,마음의 소리 스페셜 1,---,1,animation,Netflix,1,-done,"Absurd, goofy, comedy, based on webtoon, animation",netflix,https://en.wikipedia.org/wiki/The_Sound_of_Heart,0
The Sound of Your Heart: Reboot,마음의 소리 리부트,마음의 소리-리부트:얼간이들___Sound of Your Heart - Reboot: Jerks___Sound of Your Heart: Season 2,1,"sk vpn
Note: live action",netflix,1,-done,"Goofy, Sitcom, loveable loser, based on webtoon, comedy",netflix,https://www.imdb.com/title/tt7885558/?ref_=nv_sr_srsg_1,1
The Thieves,도둑들,The Professionals,1,---,netflix,1,-done,"action, crime, mystery, drama",listed,https://www.imdb.com/title/tt2330866/?ref_=nv_sr_srsg_0,1
The Uncanny Counter,경이로운 소문,Amazing So Mun___Amazing Rumor,1,---,Netflix,1,-done,"Exciting, fantasy, ensemble, based on webtoon, drama",netflix,https://www.imdb.com/title/tt13273826/?ref_=nv_sr_srsg_0,1
The Unjust,부당거래,Unfair trade___Bad Deal,1,---,netflix,1,-done,"gritty, dark, film noir, drama, social issue, suspenseful",netflix,https://www.imdb.com/title/tt1843120/?ref_=nv_sr_srsg_0,1
The World of the Married,부부의 세계,夫婦의 世界___Couple's World,1,skvpn,Netflix,1,-done,"dark, suspenseful, drama, romantic",listed,https://www.imdb.com/title/tt12042964/?ref_=nv_sr_srsg_0,1
Thirty-Nine,"서른, 아홉","Thirty, Nine",1,---,Netflix,1,-done,"heartfelt, emotional, drama, romantic",netflix,https://www.imdb.com/title/tt15181094/?ref_=nv_sr_srsg_0,1
Time to Hunt,사냥의 시간,---,1,---,netflix,1,-done,"dystopian, gritty, thriller",netflix,https://www.imdb.com/title/tt11777040/?ref_=nv_sr_srsg_0,1
Titipo Titipo,띠띠뽀 띠띠뽀,Titipo the Little Train,1,note: first season not korean OA,Netflix,1,-done,"feel-good, kids, cartoon",netflix,https://www.imdb.com/title/tt12987396/?ref_=nv_sr_srsg_0,1
Tomorrow,내일,來日,1,---,Netflix,1,-done,"emotional, fantasy, ensemble, based on webtoon, drama",netflix,https://www.imdb.com/title/tt18926162/?ref_=nv_sr_srsg_9,1
Touch Your Heart,진심이 닿다,When Sincerity Reaches___Reach of Sincerity,1,resolved,Viki,1,-done,"swoonworthy, charming, comedy, courtroom, romantic, heartfelt",netflix,https://www.imdb.com/title/tt9466990/?ref_=nv_sr_srsg_0,1
Train to Busan,부산행부산행,釜山行___To Busan,1,sk vpn,netflix,1,-done,"horror, supernatural, action, zombie",listed,https://www.imdb.com/title/tt5700672/?ref_=nv_sr_srsg_0,1
True Beauty,여신강림,女神降臨___The Advent of a Goddess,1,---,viki,1,-done,"drama, romance, comedy",viki,https://www.imdb.com/title/tt13274038/?ref_=nv_sr_srsg_0,1
Tune in for Love,유열의 음악앨범,Yoo Yeol's Music Album,1,---,netflix,1,-done,"nostalgic, understated, drama, heartfelt, romantic",netflix,https://www.imdb.com/title/tt10763618/?ref_=nv_sr_srsg_0,1
Twenty Five Twenty One,스물다섯 스물하나,---,1,---,netflix,1,-done,"nostalgic, inspiring, drama, romantic, intimate",netflix,https://www.imdb.com/title/tt17513352/?ref_=nv_sr_srsg_0,1
Twogether,투게더,We Go Twogether,1,---,Netflix,1,-done,"feel-good, lifestyle, travel, reality, food",netflix,https://www.imdb.com/title/tt12486430/?ref_=nv_sr_srsg_2,1
Vagabond,배가본드,---,1,---,netflix,1,-done,"exciting, thriller, spy, drama",netflix,https://www.imdb.com/title/tt8523042/?ref_=nv_sr_srsg_0,1
Veteran,베테랑,---,1,---,netflix,1,-done,"slick, exciting, film noir, action, adventure",netflix,https://www.imdb.com/title/tt4768764/?ref_=nv_sr_srsg_0,1
Vincenzo,빈센조,---,1,---,Netflix,1,-done,"dramedy, drama, comedy, corruption, social issue",netflix,https://www.imdb.com/title/tt13433812/?ref_=nv_sr_srsg_0,1
Voice,보이스,The Voice,1,"Note: there is a Thai OA version
sk vpn",netflix,1,-done,"rousing, dark, thriller, crime, suspenseful",netflix,https://www.imdb.com/title/tt6212854/?ref_=nv_sr_srsg_0,1
Warning: Do Not Play,암전,---,1,skvpn,Netflix,1,-done,"scary, dark, supernatural, horror",listed,https://www.imdb.com/title/tt10801398/?ref_=nv_sr_srsg_0,1
Was It Love?,"우리, 사랑했을까",Did We Love?,1,sk vpn,netflix,1,-done,"charming, heartfelt, dramedy, drama, comedy, romantic",netflix,https://www.imdb.com/title/tt12525622/?ref_=nv_sr_srsg_0,1
Welcome to Waikiki,으라차차 와이키키,---,1,sk vpn,netflix,1,-done,"quirky, goofy, sitcom, comedy",netflix,https://www.imdb.com/title/tt7890304/?ref_=nv_sr_srsg_0,1
Welcome to Wedding Hell,결혼백서,Marriage White Paper,1,---,netflix,1,-done,"romantic, drama, marriage",netflix,https://www.imdb.com/title/tt20192096/?ref_=nv_sr_srsg_0,1
What Happened to Mr. Cha?,차인표,---,1,---,netflix,1,-done,"absurd, comedy, celebrities",netflix,https://www.imdb.com/title/tt13667212/?ref_=nv_sr_srsg_0,1
What's Wrong with Secretary Kim?,김비서가 왜 그럴까,Why Would Secretary Kim Do That?___Why Secretary Kim?,1,---,viki,1,-done,"drama, romance, comedy",listed,https://www.imdb.com/title/tt8242904/?ref_=nv_sr_srsg_0,1
When My Love Blooms,화양연화 - 삶이 꽃이 되는 순간,The Most Beautiful Moment in Life — The Moment Life Becomes a Flower,1,resolved,viki,1,-done,"sentimental, understated, drama, romantic, intimate",netflix,https://www.imdb.com/title/tt12358696/?ref_=nv_sr_srsg_0,1
When the Camellia Blooms,동백꽃 필 무렵,---,1,---,netflix,1,-done,"romantic, drama, family relationship",netflix,https://www.imdb.com/title/tt10826064/?ref_=nv_sr_srsg_0,1
While You Were Sleeping,당신이 잠든 사이에,WYWS,1,---,viki,1,-done,"romance, comedy, fantasy, drama",listed,https://www.imdb.com/title/tt6256484/?ref_=nv_sr_srsg_3,1
White Nights,불야성,不夜城___Night Light,1,sk vpn,netflix,1,-done,"drama, rags to riches",netflix,https://www.imdb.com/title/tt6168004/?ref_=fn_tt_tt_4,1
Wish You,위시 유 : 나의 마음속 너의 멜로디 (영화),Wish You: Your Melody from My Heart (Movie),1,---,Netflix,1,-done,"sentimental, understated, drama, lgbtq, romantic",netflix,https://www.imdb.com/title/tt13866142/?ref_=nv_sr_srsg_1,1
Yaksha: Ruthless Operations,야차,夜叉,1,---,Netflix,1,-done,"gritty, dark, action, spy, adventure, suspenseful",netflix,https://www.imdb.com/title/tt12663250/?ref_=nv_sr_srsg_0,1
YG Future Strategy Office,YG전략자료본부,YG Strategic Resource Center,1,---,netflix,1,-done,"offbeat, raunchy, mockumentary, sitcom, comedy, irreverent",netflix,https://www.imdb.com/title/tt8129694/?ref_=nv_sr_srsg_0,1
Yoo Byung Jae: Discomfort Zone,---,---,1,---,netflix,1,-done,"deadpan, stand-up, social, comedy",netflix,https://www.imdb.com/title/tt8948740/?ref_=nv_sr_srsg_1,1
Yoo Byung Jae: Too Much Information,---,---,1,---,netflix,1,-done,"stand-up, comedy",netflix,https://www.imdb.com/title/tt8140738/?ref_=nv_sr_srsg_5,1
You Are My Spring,너는 나의 봄,---,1,---,Netflix,1,-done,"intimate, suspenseful, drama, romantic",netflix,https://www.imdb.com/title/tt14169816/?ref_=nv_sr_srsg_0,1
Cafe Minamdang,미남당,---,1,---,Netflix,1,-done,"suspenseful, thriller, serial killer, crime, based on books",netflix,https://www.imdb.com/title/tt21049186/?ref_=nv_sr_srsg_0,1
Extraordinary Attorney Woo,이상한 변호사 우영우,Strange Lawyer Woo Young-woo,1,---,Netflix,1,-done,"heartfelt, inspiring, drama, courtroom, social issue",netflix,https://www.imdb.com/title/tt20869502/?ref_=nv_sr_srsg_0,1
Coco Mong,코코몽,---,1,---,Netflix,1,-done,"goofy, educational, kids",netflix,https://www.imdb.com/title/tt9892608/,1
Miniforce,미니특공대,---,1,---,netflix,1,-done,"goofy, exciting, kids, cartoon",netflix,https://www.imdb.com/title/tt9198020/?ref_=nv_sr_srsg_0,1
Miniforce X,미니특공대X,---,1,---,netflix,1,-done,"exciting, kids, superpowers, cartoon",netflix,https://www.imdb.com/title/tt10339932/?ref_=nv_sr_srsg_6,1
Alchemy of Souls,환혼,還魂,1,---,Netflix,1,-done,"intimate, romantic, fantasy",netflix,https://www.imdb.com/title/tt20859920/?ref_=nv_sr_srsg_0,1
Change Days,체인지 데이즈,---,1,"Season 2 only on netflix
Currently releasing
e13-14 remains",Netflix,2,-done,"soapy, reality, wedding, romance",netflix,https://mydramalist.com/710991-change-days-season-2,0
Eve,이브,---,1,missing s1e13-16,viki,2,-done,"melodrama, drama",viki,https://www.imdb.com/title/tt20723826/?ref_=nv_sr_srsg_10,1
I Am Not a Robot,로봇이 아니야,I’m Not a Robot___She's Not a Robot?!,1,only ep1-20,viki,2,-done,"romantic, comedy, drama",listed,https://www.imdb.com/title/tt7521778/?ref_=nv_sr_srsg_0,1
Insider,인사이더,---,1,"sk vpn
only episodes 1-6",netflix,2,-done,"action, thriller, suspense, crime, mystery",listed,https://www.imdb.com/title/tt14731504/?ref_=nv_sr_srsg_2,1
Mouse,마우스,---,1,only ep1-20,viki,2,-done,"thriller, suspense, drama",listed,https://www.imdb.com/title/tt13634792/?ref_=nv_sr_srsg_0,1
Red Sky,홍천기,紅天機___Lovers of the Red Sky,1,---,viki,3,-done,"romance, fantasy, period piece",viki,https://www.imdb.com/title/tt13776460/?ref_=nv_sr_srsg_3,1
"Rich Man, Poor Woman",리치맨,Rich Man,1,---,viki,3,-done,"drama, romance, comedy",listed,https://www.imdb.com/title/tt8178468/,1
Strong Girl Bong-soon,힘쎈여자 도봉순,Strong Woman Do Bong Soon___Powerful Woman Do Bong Soon___Strong Girl Do Bong Soon,1,sk vpn,netflix,3,-done,"quirky, romantic, superhero, drama, comedy",listed,https://www.imdb.com/title/tt6263222/?ref_=nv_sr_srsg_0,1
The Legend of the Blue Sea,푸른 바다의 전설,Legend of the Blue Sea___The Legends of the Blue Sea___LBS,1,---,viki,3,-done,"romance, comedy, fantasy, drama",listed,https://www.imdb.com/title/tt5766194/?ref_=nv_sr_srsg_0,1
A Model Family,모범가족,Exemplary Family,1,---,netflix,1,-done,"suspenseful, thriller, drug lord, crime",netflix,https://www.imdb.com/title/tt21289712/,1
Seoul Vibe,서울대작전,Seoul Grand Operation,1,---,netflix,1,-done,"action, adventure, exciting",netflix,https://www.imdb.com/title/tt13611770/,1